bucket,concurrency,repeat,requests,errors,visual_tokens_per_request,wall_seconds,visual_tokens_per_second,client_mean_ms,client_p50_ms,client_p95_ms,encoder_path_mean_ms,encoder_path_p95_ms,downstream_mean_ms,gpu0_util_mean,gpu0_util_peak,gpu0_memory_util_mean,gpu0_memory_util_peak,gpu0_power_watts_mean,gpu0_power_watts_peak,gpu0_memory_used_mib_mean,gpu0_memory_used_mib_peak,gpu0_samples,gpu1_util_mean,gpu1_util_peak,gpu1_memory_util_mean,gpu1_memory_util_peak,gpu1_power_watts_mean,gpu1_power_watts_peak,gpu1_memory_used_mib_mean,gpu1_memory_used_mib_peak,gpu1_samples,encoder_running_mean,encoder_running_peak,encoder_waiting_mean,encoder_waiting_peak,encoder_kv_cache_usage_mean,encoder_kv_cache_usage_peak,pd_running_mean,pd_running_peak,pd_waiting_mean,pd_waiting_peak,pd_kv_cache_usage_mean,pd_kv_cache_usage_peak
1080p_class,16,0,64,0,2304,8.478152789,17392.46787240225,2045.645926609375,2064.575494,2656.662824,2045.645926609375,2656.662824,,91.32876712328768,100.0,8.780821917808218,10.0,317.0517808219178,344.39,19176.0,19176.0,73.0,0.0,0.0,0.0,0.0,120.05958904109589,120.15,119556.0,119556.0,73.0,4.424657534246576,7.0,0.0,0.0,0.0,0.0,0.0,0.0,0.0,0.0,0.0,0.0
1080p_class,16,1,64,0,2304,8.451575209,17447.1617838738,2031.464097453125,2062.083133,2633.165286,2031.464097453125,2633.165286,,91.82716049382717,100.0,8.728395061728396,10.0,321.17185185185184,345.57,19176.0,19176.0,81.0,0.0,0.0,0.0,0.0,120.04308641975308,120.12,119556.0,119556.0,81.0,4.654320987654321,7.0,0.0,0.0,0.0,0.0,0.0,0.0,0.0,0.0,0.0,0.0
1080p_class,16,2,64,0,2304,8.417236647,17518.33840296685,2020.81643240625,2055.813932,2867.735865,2020.81643240625,2867.735865,,95.72368421052632,100.0,9.171052631578947,11.0,334.55605263157895,347.33,19176.0,19176.0,76.0,0.0,0.0,0.0,0.0,120.06315789473685,120.13,119556.0,119556.0,76.0,4.7105263157894735,8.0,0.0,0.0,0.0,0.0,0.0,0.0,0.0,0.0,0.0,0.0
1080p_class,1,0,32,0,2304,8.2376414,8950.134682968841,257.36698890625,255.811644,276.297199,257.36698890625,276.297199,,48.76119402985075,64.0,4.134328358208955,6.0,217.84179104477613,233.9,19176.0,19176.0,67.0,0.0,0.0,0.0,0.0,120.07149253731343,120.12,119556.0,119556.0,67.0,0.0,0.0,0.0,0.0,0.0,0.0,0.0,0.0,0.0,0.0,0.0,0.0
1080p_class,1,1,32,0,2304,7.980619984,9238.379994012255,249.33092959375,249.838031,271.534476,249.33092959375,271.534476,,50.25974025974026,64.0,4.402597402597403,6.0,221.19935064935066,236.22,19176.0,19176.0,77.0,0.0,0.0,0.0,0.0,120.09415584415585,120.17,119556.0,119556.0,77.0,0.0,0.0,0.0,0.0,0.0,0.0,0.0,0.0,0.0,0.0,0.0,0.0
1080p_class,1,2,32,0,2304,8.428087843,8747.891736941878,263.3158773125,260.503335,290.688085,263.3158773125,290.688085,,48.39506172839506,65.0,4.074074074074074,6.0,215.2304938271605,230.26,19176.0,19176.0,81.0,0.0,0.0,0.0,0.0,120.0120987654321,120.08,119556.0,119556.0,81.0,0.0,0.0,0.0,0.0,0.0,0.0,0.0,0.0,0.0,0.0,0.0,0.0
1080p_class,4,0,32,0,2304,4.455481128,16547.707841621006,543.60269425,533.45958,698.916075,543.60269425,698.916075,,86.46341463414635,100.0,7.609756097560975,9.0,294.4765853658537,330.96,8178.0,8178.0,41.0,0.0,0.0,0.0,0.0,119.98585365853658,120.01,119556.0,119556.0,41.0,1.0731707317073171,2.0,0.0,0.0,0.0,0.0,0.0,0.0,0.0,0.0,0.0,0.0
1080p_class,4,1,32,0,2304,4.461980857,16523.602938442637,544.6203170625,535.825723,822.782019,544.6203170625,822.782019,,87.04761904761905,100.0,7.642857142857143,9.0,296.0254761904762,333.01,19176.0,19176.0,42.0,0.0,0.0,0.0,0.0,119.91071428571429,120.03,119556.0,119556.0,42.0,1.0714285714285714,2.0,0.0,0.0,0.0,0.0,0.0,0.0,0.0,0.0,0.0,0.0
1080p_class,4,2,32,0,2304,4.478762005,16461.69185093817,551.043682,540.099743,792.072819,551.043682,792.072819,,87.10526315789474,100.0,7.7894736842105265,9.0,295.2842105263158,329.35,19176.0,19176.0,38.0,0.0,0.0,0.0,0.0,120.05473684210526,120.14,119556.0,119556.0,38.0,1.0,2.0,0.0,0.0,0.0,0.0,0.0,0.0,0.0,0.0,0.0,0.0
4k_class,16,0,64,0,9216,46.508912367,12681.956424732576,11246.367593421875,11369.321781,14504.792454,11246.367593421875,14504.792454,,92.56904761904762,100.0,6.964285714285714,12.0,319.1170714285714,349.59,18088.480952380953,19176.0,420.0,0.0,0.0,0.0,0.0,120.005,120.13,119556.0,119556.0,420.0,4.526190476190476,9.0,0.0,0.0,0.0,0.0,0.0,0.0,0.0,0.0,0.0,0.0
4k_class,16,1,64,0,9216,45.81261144,12874.708108977427,11071.662076,11298.589372,14046.652034,11071.662076,14046.652034,,92.28205128205128,100.0,6.766899766899767,12.0,321.46668997668996,348.78,19176.0,19176.0,429.0,0.0,0.0,0.0,0.0,119.92461538461538,120.04,119556.0,119556.0,429.0,4.5874125874125875,9.0,0.0,0.0,0.0,0.0,0.0,0.0,0.0,0.0,0.0,0.0
4k_class,16,2,64,0,9216,46.045823891,12809.500409770832,11132.31929325,11312.155099,14208.693049,11132.31929325,14208.693049,,92.44096385542169,100.0,6.891566265060241,12.0,321.55484337349395,350.07,19176.0,19176.0,415.0,0.0,0.0,0.0,0.0,119.95248192771085,120.07,119556.0,119556.0,415.0,4.739759036144578,9.0,0.0,0.0,0.0,0.0,0.0,0.0,0.0,0.0,0.0,0.0
4k_class,1,0,32,0,9216,36.0299283,8185.195306092241,1125.865423375,1118.370126,1166.345734,1125.865423375,1166.345734,,58.56637168141593,100.0,4.277286135693215,8.0,245.15035398230089,265.03,19176.0,19176.0,339.0,0.0,0.0,0.0,0.0,120.06560471976401,120.15,119556.0,119556.0,339.0,0.0,0.0,0.0,0.0,0.0,0.0,0.0,0.0,0.0,0.0,0.0,0.0
4k_class,1,1,32,0,9216,36.310963114,8121.844608585834,1134.64948765625,1131.031299,1175.311015,1134.64948765625,1175.311015,,57.74096385542169,100.0,4.156626506024097,8.0,243.907078313253,265.32,19176.0,19176.0,332.0,0.0,0.0,0.0,0.0,120.0208734939759,120.1,119556.0,119556.0,332.0,0.0,0.0,0.0,0.0,0.0,0.0,0.0,0.0,0.0,0.0,0.0,0.0
4k_class,1,2,32,0,9216,35.889867829,8217.138090480872,1121.48915809375,1117.816757,1175.841272,1121.48915809375,1175.841272,,59.963746223564954,100.0,4.2507552870090635,8.0,245.67552870090634,265.87,19176.0,19176.0,331.0,0.0,0.0,0.0,0.0,119.96039274924472,120.09,119556.0,119556.0,331.0,0.0,0.0,0.0,0.0,0.0,0.0,0.0,0.0,0.0,0.0,0.0,0.0
4k_class,4,0,32,0,9216,23.335324797,12638.007080060614,2872.54014034375,2855.23352,3572.942298,2872.54014034375,3572.942298,,92.00478468899522,100.0,6.607655502392345,11.0,315.32832535885166,339.32,8178.0,8178.0,209.0,0.0,0.0,0.0,0.0,119.93473684210527,120.12,119556.0,119556.0,209.0,1.105263157894737,2.0,0.0,0.0,0.0,0.0,0.0,0.0,0.0,0.0,0.0,0.0
4k_class,4,1,32,0,9216,23.322867045,12644.757586234398,2870.1671294375,2857.481358,3573.731649,2870.1671294375,3573.731649,,91.54128440366972,100.0,6.68348623853211,11.0,315.6533486238532,339.56,19176.0,19176.0,218.0,0.0,0.0,0.0,0.0,119.93302752293579,120.05,119556.0,119556.0,218.0,1.114678899082569,2.0,0.0,0.0,0.0,0.0,0.0,0.0,0.0,0.0,0.0,0.0
4k_class,4,2,32,0,9216,23.488938166,12555.356820125744,2891.0386525,2865.077753,3586.071286,2891.0386525,3586.071286,,90.84037558685446,100.0,6.572769953051643,11.0,312.79840375586855,340.58,19176.0,19176.0,213.0,0.0,0.0,0.0,0.0,120.02699530516432,120.13,119556.0,119556.0,213.0,1.0892018779342723,2.0,0.0,0.0,0.0,0.0,0.0,0.0,0.0,0.0,0.0,0.0
low,16,0,64,0,256,2.089963219,7839.37241146252,474.823430578125,420.116753,844.802842,474.823430578125,844.802842,,52.416666666666664,80.0,4.25,7.0,192.48166666666665,207.7,19176.0,19176.0,12.0,0.0,0.0,0.0,0.0,120.08833333333334,120.15,119556.0,119556.0,12.0,2.25,7.0,0.0,0.0,0.0,0.0,0.0,0.0,0.0,0.0,0.0,0.0
low,16,1,64,0,256,2.327465131,7039.418026838745,530.7581725,588.432278,790.010806,530.7581725,790.010806,,32.72727272727273,60.0,2.1818181818181817,5.0,180.82181818181817,207.84,19176.0,19176.0,11.0,0.0,0.0,0.0,0.0,120.03636363636363,120.13,119556.0,119556.0,11.0,2.5454545454545454,5.0,0.0,0.0,0.0,0.0,0.0,0.0,0.0,0.0,0.0,0.0
low,16,2,64,0,256,2.205328048,7429.280199314818,506.22679459375,506.828235,752.370218,506.22679459375,752.370218,,37.666666666666664,82.0,2.6666666666666665,7.0,192.17666666666668,219.1,19176.0,19176.0,12.0,0.0,0.0,0.0,0.0,119.93166666666667,120.02,119556.0,119556.0,12.0,2.4166666666666665,7.0,0.0,0.0,0.0,0.0,0.0,0.0,0.0,0.0,0.0,0.0
low,1,0,32,0,256,2.65592408,3084.425515657059,82.94252221875,94.418115,105.510693,82.94252221875,105.510693,,18.85,24.0,0.95,1.0,148.4595,156.82,19176.0,19176.0,20.0,0.0,0.0,0.0,0.0,120.0695,120.11,119556.0,119556.0,20.0,0.0,0.0,0.0,0.0,0.0,0.0,0.0,0.0,0.0,0.0,0.0,0.0
low,1,1,32,0,256,2.628300344,3116.8431791675025,82.076265125,92.647889,106.145982,82.076265125,106.145982,,18.444444444444443,25.0,0.8888888888888888,1.0,146.5211111111111,153.21,19176.0,19176.0,9.0,0.0,0.0,0.0,0.0,120.13888888888889,120.18,119556.0,119556.0,9.0,0.0,0.0,0.0,0.0,0.0,0.0,0.0,0.0,0.0,0.0,0.0,0.0
low,1,2,32,0,256,2.655937599,3084.409815608774,82.9403875625,91.325593,105.08055,82.9403875625,105.08055,,19.473684210526315,24.0,1.0,1.0,148.2521052631579,154.36,19176.0,19176.0,19.0,0.0,0.0,0.0,0.0,120.04,120.11,119556.0,119556.0,19.0,0.0,0.0,0.0,0.0,0.0,0.0,0.0,0.0,0.0,0.0,0.0,0.0
low,4,0,32,0,256,2.202646541,3719.1623111172607,259.86100246875,276.745087,404.154111,259.86100246875,404.154111,,22.9,32.0,1.1,2.0,152.511,164.59,8178.0,8178.0,10.0,0.0,0.0,0.0,0.0,119.975,120.04,119556.0,119556.0,10.0,0.8,2.0,0.0,0.0,0.0,0.0,0.0,0.0,0.0,0.0,0.0,0.0
low,4,1,32,0,256,2.071548989,3954.52873357078,246.624733375,216.172001,395.142266,246.624733375,395.142266,,24.6,31.0,1.4,2.0,151.748,164.79,19176.0,19176.0,10.0,0.0,0.0,0.0,0.0,120.104,120.15,119556.0,119556.0,10.0,0.7,2.0,0.0,0.0,0.0,0.0,0.0,0.0,0.0,0.0,0.0,0.0
low,4,2,32,0,256,2.142177881,3824.1455448955785,256.7387845,232.950948,405.901318,256.7387845,405.901318,,24.545454545454547,31.0,1.3636363636363635,2.0,157.0609090909091,166.59,19176.0,19176.0,11.0,0.0,0.0,0.0,0.0,119.98818181818181,120.05,119556.0,119556.0,11.0,0.7272727272727273,2.0,0.0,0.0,0.0,0.0,0.0,0.0,0.0,0.0,0.0,0.0
medium,16,0,64,0,1024,3.688220495,17769.00271793539,880.540385828125,881.803061,1188.602624,880.540385828125,1188.602624,,88.70270270270271,100.0,8.567567567567568,10.0,309.41945945945946,332.31,8177.405405405405,8178.0,37.0,0.0,0.0,0.0,0.0,120.05,120.11,119556.0,119556.0,37.0,4.135135135135135,10.0,0.0,0.0,0.0,0.0,0.0,0.0,0.0,0.0,0.0,0.0
medium,16,1,64,0,1024,3.667265875,17870.53413464329,886.040431703125,878.603309,1232.911591,886.040431703125,1232.911591,,88.17142857142858,100.0,8.485714285714286,10.0,296.79114285714286,337.36,19176.0,19176.0,35.0,0.0,0.0,0.0,0.0,119.94171428571428,120.0,119556.0,119556.0,35.0,4.371428571428571,8.0,0.0,0.0,0.0,0.0,0.0,0.0,0.0,0.0,0.0,0.0
medium,16,2,64,0,1024,3.716805343,17632.346585872845,887.4559044375001,882.66061,1322.472625,887.4559044375001,1322.472625,,85.5,100.0,8.25,10.0,284.71285714285716,336.15,19176.0,19176.0,28.0,0.0,0.0,0.0,0.0,120.00428571428571,120.07,119556.0,119556.0,28.0,4.142857142857143,8.0,0.0,0.0,0.0,0.0,0.0,0.0,0.0,0.0,0.0,0.0
medium,1,0,32,0,1024,3.99085594,8210.769943251824,124.64912393750001,121.063216,149.200056,124.64912393750001,149.200056,,43.7,57.0,3.025,4.0,199.59025,216.7,19176.0,19176.0,40.0,0.0,0.0,0.0,0.0,120.06875,120.13,119556.0,119556.0,40.0,0.0,0.0,0.0,0.0,0.0,0.0,0.0,0.0,0.0,0.0,0.0,0.0
medium,1,1,32,0,1024,3.599777738,9102.784223063052,112.432976125,111.456748,140.573719,112.432976125,140.573719,,46.26923076923077,61.0,3.1923076923076925,4.0,204.4176923076923,231.92,19176.0,19176.0,26.0,0.0,0.0,0.0,0.0,119.9326923076923,120.0,119556.0,119556.0,26.0,0.0,0.0,0.0,0.0,0.0,0.0,0.0,0.0,0.0,0.0,0.0,0.0
medium,1,2,32,0,1024,4.100429774,7991.357444474551,128.0795903125,127.254477,147.342157,128.0795903125,147.342157,,42.09756097560975,56.0,3.1219512195121952,4.0,199.39170731707316,218.16,19176.0,19176.0,41.0,0.0,0.0,0.0,0.0,119.96512195121952,120.03,119556.0,119556.0,41.0,0.0,0.0,0.0,0.0,0.0,0.0,0.0,0.0,0.0,0.0,0.0,0.0
medium,4,0,32,0,1024,2.500992681,13101.997558384697,310.39892887499997,330.994264,450.960616,310.39892887499997,450.960616,,66.52380952380952,94.0,5.333333333333333,8.0,238.5209523809524,285.02,19176.0,19176.0,21.0,0.0,0.0,0.0,0.0,119.98904761904762,120.03,119556.0,119556.0,21.0,0.6190476190476191,2.0,0.0,0.0,0.0,0.0,0.0,0.0,0.0,0.0,0.0,0.0
medium,4,1,32,0,1024,2.34663163,13963.844849393767,288.9396720625,286.226235,375.292171,288.9396720625,375.292171,,71.04761904761905,93.0,5.428571428571429,8.0,247.62285714285713,290.7,19176.0,19176.0,21.0,0.0,0.0,0.0,0.0,119.92238095238095,119.97,119556.0,119556.0,21.0,0.8571428571428571,2.0,0.0,0.0,0.0,0.0,0.0,0.0,0.0,0.0,0.0,0.0
medium,4,2,32,0,1024,2.381817264,13757.56255329586,282.32066928125,298.248681,361.576653,282.32066928125,361.576653,,60.0,82.0,5.214285714285714,8.0,218.8607142857143,284.75,19176.0,19176.0,14.0,0.0,0.0,0.0,0.0,119.955,120.02,119556.0,119556.0,14.0,0.21428571428571427,2.0,0.0,0.0,0.0,0.0,0.0,0.0,0.0,0.0,0.0,0.0
