workload,input_tokens,output_tokens,concurrency,repeat,requests,errors,wall_seconds,tokens_per_second,client_mean_ms,client_p50_ms,client_p95_ms,ttft_seconds,tpot_seconds,queue_seconds,prefill_seconds,decode_seconds,gpu0_util_mean,gpu0_util_peak,gpu0_memory_util_mean,gpu0_memory_util_peak,gpu0_power_watts_mean,gpu0_power_watts_peak,gpu0_memory_used_mib_mean,gpu0_memory_used_mib_peak,gpu1_util_mean,gpu1_util_peak,gpu1_memory_util_mean,gpu1_memory_util_peak,gpu1_power_watts_mean,gpu1_power_watts_peak,gpu1_memory_used_mib_mean,gpu1_memory_used_mib_peak,pd_running_mean,pd_running_peak,pd_waiting_mean,pd_waiting_peak,pd_kv_cache_usage_mean,pd_kv_cache_usage_peak
decode,128,1024,16,0,16,0,14.495075554,1130.314908602097,14486.6855315,14485.801644,14493.780258,,0.0139313973013023,4.183611599728465e-05,0.18645632202969864,14.25181943923235,0.0,0.0,0.0,0.0,119.46151515151516,119.57,19176.0,19176.0,45.666666666666664,50.0,28.53787878787879,29.0,261.6567424242424,274.81,119558.0,119558.0,16.0,16.0,0.0,0.0,0.005623418505407264,0.009933432207774318
decode,128,1024,16,1,16,0,14.515513097,1128.723448528056,14507.036270875,14505.768383,14514.069349,0.20494358241558075,0.01396060316256259,4.6345870941877365e-05,0.16946856025606394,14.281697035301477,0.0,0.0,0.0,0.0,119.50727272727273,119.6,19176.0,19176.0,45.878787878787875,70.0,28.045454545454547,29.0,260.42810606060607,277.11,119558.0,119558.0,15.878787878787879,16.0,0.0,0.0,0.005670386477822758,0.009933432207774318
decode,128,1024,16,2,16,0,14.534907176,1127.2173809993926,14526.9892359375,14526.474272,14534.845233,0.20522069931030273,0.013980887237939,4.609778989106417e-05,0.1698331532534212,14.302447644411586,0.0,0.0,0.0,0.0,119.27338345864662,119.37,19176.0,19176.0,45.796992481203006,95.0,27.917293233082706,29.0,258.7324060150376,278.91,119558.0,119558.0,15.8796992481203,16.0,0.0,0.0,0.005715924689106967,0.009933432207774318
decode,128,1024,1,0,1,0,13.369015075,76.5950217166615,13369.015075,13369.015075,13369.015075,0.031358957290649414,0.013030673403616966,2.479739487171173e-05,0.02826520334929228,13.330378891900182,0.0,0.0,0.0,0.0,119.30173913043478,119.51,19176.0,19176.0,42.40869565217391,44.0,28.52173913043478,29.0,252.50139130434783,277.0,119558.0,119558.0,0.991304347826087,1.0,0.0,0.0,0.0003440860537551008,0.0006208395129858602
decode,128,1024,1,1,1,0,13.375475298,76.55802707460542,13375.475298,13375.475298,13375.475298,,0.013037290928461065,2.18832865357399e-05,0.028332621790468693,13.337148619815707,0.0,0.0,0.0,0.0,119.31511627906977,119.47,19176.0,19176.0,42.30232558139535,44.0,28.65891472868217,29.0,249.89139534883722,262.92,119558.0,119558.0,1.0,1.0,0.0,0.0,0.00035346676837526086,0.0006208395129858602
decode,128,1024,1,2,1,0,13.352143051,76.69180865488916,13352.143051,13352.143051,13352.143051,,0.0130136309178841,2.7622096240520477e-05,0.02817689999938011,13.312944428995252,0.0,0.0,0.0,0.0,119.44975609756098,119.58,19176.0,19176.0,42.16260162601626,44.0,28.642276422764226,33.0,252.34634146341463,267.61,119558.0,119558.0,0.991869918699187,1.0,0.0,0.0,0.000346172709476553,0.0006208395129858602
decode,128,1024,8,0,8,0,14.080924504,581.779981681805,14075.94866025,14075.360759,14080.021234,0.1133091151714325,0.013634245416408036,2.7100322768092155e-05,0.0831377231515944,13.947833060985431,0.0,0.0,0.0,0.0,118.97051851851852,119.05,19176.0,19176.0,44.87407407407407,63.0,27.97037037037037,29.0,257.2337777777778,270.7,119558.0,119558.0,7.940740740740741,8.0,0.0,0.0,0.002794672021726822,0.004966716103887103
decode,128,1024,8,1,8,0,14.092153919,581.3163869119389,14087.839357625,14086.90906,14092.057845,0.1279618740081787,0.013632726782745241,2.496421802788973e-05,0.09438257268629968,13.946279498748481,0.0,0.0,0.0,0.0,119.31515151515151,119.41,19176.0,19176.0,43.878787878787875,69.0,27.522727272727273,29.0,253.2544696969697,273.01,119558.0,119558.0,7.9393939393939394,8.0,0.0,0.0,0.002736031372253905,0.004966716103887103
decode,128,1024,8,2,8,0,14.117780133,580.2611970738502,14113.258003250001,14112.956013,14117.661375,0.1055181622505188,0.013678440625346067,1.3573444448411465e-05,0.08773043891415,13.993044759728946,0.0,0.0,0.0,0.0,119.27546153846154,119.35,19176.0,19176.0,44.47692307692308,67.0,27.607692307692307,29.0,250.78915384615385,263.8,119558.0,119558.0,8.0,8.0,0.0,0.0,0.002799349445091516,0.004966716103887103
decode,128,256,16,0,16,0,3.76423601,1088.1358100604325,3756.510442875,3755.051425,3764.105615,0.2569604814052582,0.0136565527401627,4.245206946507096e-05,0.22431443817913532,3.482420948741492,0.0,0.0,0.0,0.0,118.83735294117648,118.89,19176.0,19176.0,46.05882352941177,72.0,27.647058823529413,29.0,259.37117647058824,273.17,119558.0,119558.0,15.529411764705882,16.0,0.0,0.0,0.002252825732783371,0.003311144069258143
decode,128,256,16,1,16,0,3.759271195,1089.5728952590237,3751.9064839375,3750.742369,3759.236884,0.21143853664398193,0.013816607034509404,4.277296829968691e-05,0.18043040728662163,3.5232347937999293,0.0,0.0,0.0,0.0,119.22970588235295,119.28,19176.0,19176.0,46.3235294117647,80.0,25.11764705882353,29.0,241.03176470588235,269.23,119558.0,119558.0,16.0,16.0,0.0,0.0,0.002208951044978405,0.003311144069258143
decode,128,256,16,2,16,0,3.765873344,1087.6627081805543,3757.7297943125,3756.476179,3765.873344,0.20470398664474487,0.01385946793563897,4.635320510715246e-05,0.16955410176888108,3.534164323587902,0.0,0.0,0.0,0.0,119.4272972972973,119.51,19176.0,19176.0,44.78378378378378,81.0,25.027027027027028,29.0,241.4918918918919,274.84,119558.0,119558.0,16.0,16.0,0.0,0.0,0.0022246749215327857,0.003311144069258143
decode,128,256,1,0,1,0,3.338444387,76.68242160836091,3338.444387,3338.444387,3338.444387,,0.012937085940411208,2.310425043106079e-05,0.028449706733226776,3.298956914804876,0.0,0.0,0.0,0.0,119.42033333333333,119.47,19176.0,19176.0,41.03333333333333,43.0,27.566666666666666,29.0,231.207,276.08,119558.0,119558.0,0.9666666666666667,1.0,0.0,0.0,0.00013422780211315156,0.00020694650432862005
decode,128,256,1,1,1,0,3.341872516,76.6037599502494,3341.872516,3341.872516,3341.872516,0.03244209289550781,0.01295149223696379,2.783164381980896e-05,0.02854054421186447,3.302630520425737,0.0,0.0,0.0,0.0,119.49666666666667,119.55,19176.0,19176.0,40.515151515151516,45.0,27.303030303030305,29.0,239.14000000000001,279.67,119558.0,119558.0,1.0,1.0,0.0,0.0,0.00014345155413688436,0.00020694650432862005
decode,128,256,1,2,1,0,3.342069921,76.59923521989053,3342.069921,3342.069921,3342.069921,,0.01295485506382077,2.5719404220581055e-05,0.028589265421032906,3.3034880412742496,0.0,0.0,0.0,0.0,119.53696969696969,119.6,19176.0,19176.0,40.666666666666664,43.0,27.393939393939394,29.0,236.38727272727274,271.48,119558.0,119558.0,1.0,1.0,0.0,0.0,0.0001429289619542352,0.00020694650432862005
decode,128,256,8,0,8,0,3.570526851,573.5848196818391,3566.130321875,3565.309624,3570.444208,0.12432323183332171,0.013487036886405845,1.4208024367690086e-05,0.09515716356690973,3.4391944060334936,0.0,0.0,0.0,0.0,118.84633333333333,118.89,19176.0,19176.0,44.13333333333333,67.0,26.1,29.0,248.99633333333333,284.7,119558.0,119558.0,7.733333333333333,8.0,0.0,0.0,0.0010100139114039028,0.0015176076984099174
decode,128,256,8,1,8,0,3.600351214,568.8333938190065,3595.173824,3595.598551,3599.417068,0.09662649035453796,0.013661961998863381,1.3273092918097973e-05,0.08048885059542954,3.4838003097102046,0.0,0.0,0.0,0.0,119.31933333333333,119.4,19176.0,19176.0,44.2,49.0,26.133333333333333,28.0,233.65333333333334,258.27,119558.0,119558.0,7.733333333333333,8.0,0.0,0.0,0.0010922176617344367,0.0016555720346290714
decode,128,256,8,2,8,0,3.575659584,572.7614589387042,3571.188599,3570.830317,3575.540136,,0.013567208856636315,1.7270795069634914e-05,0.08055998594500124,3.4596382584422827,0.0,0.0,0.0,0.0,119.52548387096775,119.57,19176.0,19176.0,44.806451612903224,69.0,27.580645161290324,28.0,250.58903225806452,263.19,119558.0,119558.0,7.741935483870968,8.0,0.0,0.0,0.0011560076236421864,0.0016555720346290714
decode,4096,1024,16,0,16,0,21.052302316,778.2521718561853,21001.813274375,20998.784726,21035.935867,4.12742592394352,0.016476706336131713,2.2116878304514103,1.8672706568031572,16.855670581862796,0.0,0.0,0.0,0.0,119.48788659793814,119.6,19176.0,19176.0,73.35051546391753,100.0,26.835051546391753,36.0,302.2511855670103,337.16,119558.0,119558.0,13.469072164948454,16.0,2.0876288659793816,13.0,0.03296169782894628,0.04414858759010798
decode,4096,1024,16,1,16,0,21.059220063,777.996523659766,21009.274226375,21006.478232,21043.572969,4.1179149597883224,0.016494229626589224,2.2146235583350062,1.8674568042624742,16.873596908000764,0.0,0.0,0.0,0.0,119.49760204081633,119.66,19176.0,19176.0,73.13775510204081,100.0,27.153061224489797,36.0,303.8816326530612,345.69,119558.0,119558.0,13.801020408163266,16.0,1.780612244897959,13.0,0.0336717008398227,0.04414858759010798
decode,4096,1024,16,2,16,0,21.068255562,777.6628659067146,21019.8416730625,21019.938002,21053.365639,4.120806112885475,0.016501739890806832,2.2122261576587334,1.8674311430659145,16.881279908295255,0.0,0.0,0.0,0.0,119.42242268041237,119.65,19176.0,19176.0,73.39690721649484,100.0,26.79381443298969,36.0,301.3195360824742,329.96,119558.0,119558.0,14.092783505154639,16.0,1.5463917525773196,13.0,0.034211021785919886,0.04414858759010798
decode,4096,1024,1,0,1,0,13.852510677,73.92161781186692,13852.510677,13852.510677,13852.510677,0.42910075187683105,0.013112801672455654,3.283936530351639e-05,0.426333068870008,13.414396110922098,0.0,0.0,0.0,0.0,119.04435483870968,119.14,19176.0,19176.0,44.61290322580645,100.0,28.080645161290324,30.0,248.83620967741936,276.36,119558.0,119558.0,0.967741935483871,1.0,0.0,0.0,0.002420634346666549,0.0027592867243817487
decode,4096,1024,1,1,1,0,13.722067094,74.62432540121786,13722.067094,13722.067094,13722.067094,0.42785191535949707,0.012986046950335561,2.228282392024994e-05,0.4254547404125333,13.28472603019327,0.0,0.0,0.0,0.0,119.24582677165354,119.35,19176.0,19176.0,44.874015748031496,100.0,28.023622047244096,30.0,252.73503937007874,291.45,119558.0,119558.0,0.968503937007874,1.0,0.0,0.0,0.0024009325085528406,0.0027592867243817487
decode,4096,1024,1,2,1,0,13.795991215,74.22446013785752,13795.991215,13795.991215,13795.991215,0.43051910400390625,0.01305752753836309,2.745073288679123e-05,0.426167200319469,13.357850671745837,0.0,0.0,0.0,0.0,119.44421052631579,119.76,19176.0,19176.0,44.43609022556391,100.0,27.81954887218045,29.0,256.66714285714284,268.07,119558.0,119558.0,0.9624060150375939,1.0,0.0,0.0,0.002392073378355005,0.0027592867243817487
decode,4096,1024,8,0,8,0,17.373617356,471.5195363256278,17350.240708625002,17350.249622,17366.76174,2.3297642171382904,0.014668456192254903,0.6231811651960015,1.6809443935053423,15.005830684676766,0.0,0.0,0.0,0.0,119.11865030674846,119.29,19176.0,19176.0,64.1717791411043,100.0,26.60122699386503,32.0,277.97030674846627,294.87,119558.0,119558.0,7.251533742331288,8.0,0.3067484662576687,4.0,0.01780189590929395,0.02207429379505399
decode,4096,1024,8,1,8,0,17.302478909,473.4581699584605,17283.12578875,17286.027964,17298.560503,2.331301897764206,0.01459997686416814,0.665971141657792,1.6267256883438677,14.935776332044043,0.0,0.0,0.0,0.0,119.22895061728396,119.39,19176.0,19176.0,64.85185185185185,100.0,26.493827160493826,33.0,277.5264814814815,293.45,119558.0,119558.0,7.320987654320987,8.0,0.48148148148148145,5.0,0.01792349409159215,0.02207429379505399
decode,4096,1024,8,2,8,0,17.36996754,471.6186130535509,17350.80754875,17350.423101,17367.558449,2.331779330968857,0.014664841160352993,0.6659096094081178,1.6266956166364253,15.002132507041097,0.0,0.0,0.0,0.0,119.34246835443038,119.43,19176.0,19176.0,64.64556962025317,100.0,26.310126582278482,32.0,278.43930379746837,298.11,119558.0,119558.0,7.284810126582278,8.0,0.4620253164556962,5.0,0.017904419966932227,0.02207429379505399
decode,4096,256,16,0,16,0,10.292007185,397.97873499055476,10242.3844169375,10240.528418,10276.598516,4.121557608246803,0.02396685325554298,2.2131015937775373,1.8674527848488651,6.11154758016346,0.0,0.0,0.0,0.0,119.2176530612245,119.42,19176.0,19176.0,85.54081632653062,100.0,16.622448979591837,36.0,283.20438775510206,358.68,119558.0,119558.0,11.071428571428571,16.0,4.1020408163265305,13.0,0.024887868781838275,0.037526299451591805
decode,4096,256,16,1,16,0,10.296128134,397.8194469505618,10247.3304638125,10252.70513,10280.559797,4.119589477777481,0.023956987015702064,2.2140595836681314,1.8673783887643367,6.109031689004041,0.0,0.0,0.0,0.0,119.30489583333333,119.41,19176.0,19176.0,84.95833333333333,100.0,16.541666666666668,36.0,280.32697916666666,320.82,119558.0,119558.0,11.208333333333334,16.0,3.9583333333333335,13.0,0.025193671029788815,0.037526299451591805
decode,4096,256,16,2,16,0,10.312590293,397.18440116643546,10263.678816,10268.890111,10303.251967,4.123961925506592,0.02400116195842872,2.2115726874326356,1.8671442798804492,6.120296299399342,0.0,0.0,0.0,0.0,119.21306122448979,119.35,19176.0,19176.0,85.5,100.0,16.459183673469386,36.0,279.5392857142857,341.22,119558.0,119558.0,11.142857142857142,16.0,4.020408163265306,13.0,0.02503999909900843,0.03750905390956438
decode,4096,256,1,0,1,0,3.736177795,68.51922313295586,3736.177795,3736.177795,3736.177795,0.43021392822265625,0.012921925451533478,2.541765570640564e-05,0.42546688113361597,3.295090990141034,0.0,0.0,0.0,0.0,118.93027027027027,118.97,19176.0,19176.0,48.16216216216216,100.0,25.864864864864863,30.0,247.05945945945945,283.03,119558.0,119558.0,0.8918918918918919,1.0,0.0,0.0,0.0020354400549620014,0.0023453937157245086
decode,4096,256,1,1,1,0,3.752193468,68.22675914322016,3752.193468,3752.193468,3752.193468,0.43280792236328125,0.01300054777632731,2.233404666185379e-05,0.4259417876601219,3.3151396829634905,0.0,0.0,0.0,0.0,119.26135135135135,119.3,19176.0,19176.0,48.513513513513516,100.0,26.10810810810811,30.0,245.5672972972973,268.55,119558.0,119558.0,0.8918918918918919,1.0,0.0,0.0,0.0020352070070967644,0.0023453937157245086
decode,4096,256,1,2,1,0,3.765623386,67.98343162828445,3765.623386,3765.623386,3765.623386,0.4332771301269531,0.013048949099931484,2.0940788090229034e-05,0.42666586581617594,3.327482020482421,0.0,0.0,0.0,0.0,119.45384615384616,119.51,19176.0,19176.0,48.07692307692308,100.0,24.96153846153846,29.0,245.46807692307692,274.72,119558.0,119558.0,0.8461538461538461,1.0,0.0,0.0,0.0019424449933538228,0.0023453937157245086
decode,4096,256,8,0,8,0,6.869392107,298.1340951425762,6844.427609375,6849.649011,6863.027615,2.337572306394577,0.017616810894790405,0.61599074176047,1.6866390221985057,4.492286778171547,0.0,0.0,0.0,0.0,118.9331746031746,119.04,19176.0,19176.0,77.06349206349206,100.0,17.793650793650794,32.0,266.7290476190476,288.43,119558.0,119558.0,6.063492063492063,8.0,0.7936507936507936,4.0,0.013685569423161249,0.018763149725795847
decode,4096,256,8,1,8,0,6.876237602,297.8372939591741,6857.396548875,6860.594233,6872.597531,2.3305725157260895,0.017686993323321354,0.6658685841830447,1.6266917577013373,4.510183297446929,0.0,0.0,0.0,0.0,119.46569230769231,119.57,19176.0,19176.0,74.35384615384615,100.0,19.630769230769232,32.0,266.1813846153846,287.97,119558.0,119558.0,6.276923076923077,8.0,1.1076923076923078,5.0,0.014174376308339693,0.018763149725795847
decode,4096,256,8,2,8,0,6.86702504,298.2368621157671,6843.656924625,6844.313657,6863.379923,2.3288007974624634,0.017635725262374002,0.6160602761665359,1.6795212920987979,4.497109941905364,0.0,0.0,0.0,0.0,119.23421875,119.31,19176.0,19176.0,78.125,100.0,17.625,32.0,267.100625,287.15,119558.0,119558.0,6.09375,8.0,0.78125,4.0,0.013751568266478113,0.018763149725795847
prefill,16000,1,16,0,16,0,30.700140261,8338.724117336045,16630.4951600625,15695.834917,30670.540633,16.58251504600048,0.0,12.777243527467363,3.7416942077106796,0.0,0.0,0.0,0.0,0.0,119.30470790378007,119.39,19176.0,19176.0,99.35395189003437,100.0,6.0687285223367695,7.0,276.67041237113403,281.82,119558.0,119558.0,1.4501718213058419,2.0,6.649484536082475,14.0,0.007934845749590228,0.011726968578622432
prefill,16000,1,16,1,16,0,30.68929621,8341.670602292383,16618.8679219375,15675.138895,30657.50597,16.569977402687073,0.0,12.770799098128919,3.740672677755356,0.0,0.0,0.0,0.0,0.0,119.31105454545454,119.46,19176.0,19176.0,99.75272727272727,100.0,6.138181818181818,7.0,277.93072727272727,282.22,119558.0,119558.0,1.4836363636363636,2.0,7.098181818181819,14.0,0.00802099566353007,0.011726968578622432
prefill,16000,1,16,2,16,0,30.693970449,8340.400288889325,16623.7778140625,15693.21978,30662.260609,16.576500490307808,0.0,12.773224744363688,3.7411209330894053,0.0,0.0,0.0,0.0,0.0,119.31948905109489,119.44,19176.0,19176.0,99.25547445255475,100.0,6.065693430656935,7.0,276.6606934306569,282.13,119558.0,119558.0,1.4635036496350364,2.0,6.839416058394161,14.0,0.007945285559741203,0.011726968578622432
prefill,16000,1,1,0,1,0,1.937356999,8258.674063819251,1937.356999,1937.356999,1937.356999,1.917024850845337,0.0,2.5789253413677216e-05,1.9134941352531314,0.0,0.0,0.0,0.0,0.0,118.95631578947368,119.0,19176.0,19176.0,89.05263157894737,100.0,5.578947368421052,7.0,239.78052631578947,287.96,119558.0,119558.0,0.5789473684210527,1.0,0.0,0.0,0.004992130586874842,0.00862277101369291
prefill,16000,1,1,1,1,0,1.938061053,8255.67387324201,1938.061053,1938.061053,1938.061053,1.9171044826507568,0.0,3.292970359325409e-05,1.913004295900464,0.0,0.0,0.0,0.0,0.0,119.53833333333334,119.59,19176.0,19176.0,92.88888888888889,100.0,6.0,7.0,242.41222222222223,288.45,119558.0,119558.0,0.5555555555555556,1.0,0.0,0.0,0.004790428340940505,0.00862277101369291
prefill,16000,1,1,2,1,0,1.936673318,8261.589526375661,1936.673318,1936.673318,1936.673318,1.9162659645080566,0.0,2.341531217098236e-05,1.912528824992478,0.0,0.0,0.0,0.0,0.0,119.37105263157895,119.4,19176.0,19176.0,89.6842105263158,100.0,5.473684210526316,7.0,241.8957894736842,290.29,119558.0,119558.0,0.5263157894736842,1.0,0.0,0.0,0.004538300533522584,0.00862277101369291
prefill,16000,1,8,0,8,0,15.371216535,8327.252414182454,8801.344913,7858.530276,15355.090615,8.761772722005844,0.0,5.096248177811503,3.616114398697391,0.0,0.0,0.0,0.0,0.0,119.4222602739726,119.48,19176.0,19176.0,98.45205479452055,100.0,6.082191780821918,7.0,273.69246575342464,290.05,119558.0,119558.0,1.3767123287671232,2.0,2.6164383561643834,6.0,0.0069260931665602755,0.01007139654399336
prefill,16000,1,8,1,8,0,15.376368796,8324.462146960072,8806.253247875,7873.902633,15360.868952,8.766035616397858,0.0,5.097508072620258,3.616886297124438,0.0,0.0,0.0,0.0,0.0,119.47709459459459,119.58,19176.0,19176.0,98.37837837837837,100.0,6.04054054054054,7.0,274.857027027027,294.03,119558.0,119558.0,1.4391891891891893,2.0,2.668918918918919,6.0,0.007200246844298854,0.01007139654399336
prefill,16000,1,8,2,8,0,15.37247069,8326.573039639343,8801.749713000001,7867.384748,15361.425783,8.76234245300293,0.0,5.097358218743466,3.616478070151061,0.0,0.0,0.0,0.0,0.0,119.43561643835616,119.5,19176.0,19176.0,98.9931506849315,100.0,6.13013698630137,7.0,273.8809589041096,292.82,119558.0,119558.0,1.3904109589041096,2.0,2.712328767123288,6.0,0.006975231149323239,0.01007139654399336
prefill,4096,1,16,0,16,0,6.772293392,9677.07631766465,3792.5652021875,3817.621829,6754.680629,3.7714170962572098,0.0,2.209328053810168,1.5209816022543237,0.0,0.0,0.0,0.0,0.0,119.27092307692308,119.31,19176.0,19176.0,98.03076923076924,100.0,6.876923076923077,7.0,266.7073846153846,281.4,119558.0,119558.0,1.7846153846153847,2.0,6.123076923076923,13.0,0.003939412431117344,0.00441485875901082
prefill,4096,1,16,1,16,0,6.770175988,9680.102868250578,3791.10233425,3815.859905,6753.041561,3.770458295941353,0.0,2.2114521598559804,1.5212164638214745,0.0,0.0,0.0,0.0,0.0,119.24816666666666,119.29,19176.0,19176.0,96.96666666666667,100.0,6.8,7.0,264.9285,280.89,119558.0,119558.0,1.8,2.0,6.716666666666667,13.0,0.003973372883109737,0.00441485875901082
prefill,4096,1,16,2,16,0,6.770356893,9679.844214380915,3791.8079224375,3815.040239,6753.3125,3.7680202275514603,0.0,2.2072584854322486,1.520526979409624,0.0,0.0,0.0,0.0,0.0,119.45032258064516,119.49,19176.0,19176.0,97.58064516129032,100.0,6.838709677419355,7.0,266.0458064516129,282.95,119558.0,119558.0,1.8064516129032258,2.0,5.741935483870968,13.0,0.003987614362977511,0.00441485875901082
prefill,4096,1,1,0,1,0,0.439711937,9315.189457774488,439.711937,439.711937,439.711937,0.42746472358703613,0.0,2.4416483938694e-05,0.42497340962290764,0.0,0.0,0.0,0.0,0.0,119.465,119.48,19176.0,19176.0,67.0,100.0,4.5,7.0,153.37,175.29,119558.0,119558.0,0.0,0.0,0.0,0.0,0.0,0.0
prefill,4096,1,1,1,1,0,0.439179912,9326.473930346796,439.179912,439.179912,439.179912,0.4271211624145508,0.0,1.898873597383499e-05,0.4249217426404357,0.0,0.0,0.0,0.0,0.0,119.39,119.39,19176.0,19176.0,62.0,100.0,4.333333333333333,7.0,159.88666666666668,178.8,119558.0,119558.0,0.0,0.0,0.0,0.0,0.0,0.0
prefill,4096,1,1,2,1,0,0.439032117,9329.613578133738,439.032117,439.032117,439.032117,0.42697811126708984,0.0,2.6780180633068085e-05,0.4248757101595402,0.0,0.0,0.0,0.0,0.0,119.36333333333333,119.37,19176.0,19176.0,100.0,100.0,7.0,7.0,165.46666666666667,179.39,119558.0,119558.0,0.0,0.0,0.0,0.0,0.0,0.0
prefill,4096,1,8,0,8,0,3.402162798,9631.520284468173,2082.997428375,2138.097688,3393.134315,2.0635845363140106,0.0,0.6655218944652006,1.360342733329162,0.0,0.0,0.0,0.0,0.0,118.96705882352941,119.02,19176.0,19176.0,93.29411764705883,100.0,6.529411764705882,7.0,253.46470588235294,280.3,119558.0,119558.0,1.6470588235294117,2.0,2.3529411764705883,5.0,0.0036357660368324337,0.00441485875901082
prefill,4096,1,8,1,8,0,3.401724371,9632.761630939323,2083.668038375,2134.563755,3394.319235,2.2971109662737166,0.0,0.7600651130612407,1.4936898377324854,0.0,0.0,0.0,0.0,0.0,119.4625925925926,119.54,19176.0,19176.0,100.0,100.0,7.0,7.0,272.31703703703704,280.25,119558.0,119558.0,1.7777777777777777,2.0,2.2222222222222223,5.0,0.003924318896898499,0.00441485875901082
prefill,4096,1,8,2,8,0,3.403424565,9627.94954734071,2136.1922885,1721.220677,3395.349177,2.1163106560707092,0.0,0.6155344790313393,1.4655465467367321,0.0,0.0,0.0,0.0,0.0,119.44264705882352,119.5,19176.0,19176.0,92.23529411764706,100.0,6.4411764705882355,7.0,254.7679411764706,279.25,119558.0,119558.0,1.4705882352941178,2.0,1.4705882352941178,4.0,0.0032462196757432503,0.00441485875901082
prefill,512,1,16,0,16,0,0.834983345,9810.974133861317,780.0537096875,826.164886,834.945279,0.7581561803817749,0.0,2.572807716205716e-05,0.7385885230614804,0.0,0.0,0.0,0.0,0.0,118.9075,118.93,19176.0,19176.0,78.75,100.0,5.625,7.0,192.68625,247.45,119558.0,119558.0,15.0,15.0,0.0,0.0,0.004138930086572623,0.004138930086572623
prefill,512,1,16,1,16,0,0.832597079,9839.09288973136,777.264244625,821.975064,832.49079,0.7575579732656479,0.0,5.233107367530465e-05,0.7228785129263997,0.0,0.0,0.0,0.0,0.0,119.525,119.55,19176.0,19176.0,76.5,100.0,5.75,8.0,193.11875,250.6,119558.0,119558.0,13.125,15.0,0.0,0.0,0.003621563825751045,0.004138930086572623
prefill,512,1,16,2,16,0,0.834844863,9812.601553972789,741.1257039375,823.861699,834.844863,0.7211633622646332,0.0,4.754040855914354e-05,0.6889908667653799,0.0,0.0,0.0,0.0,0.0,119.43125,119.45,19176.0,19176.0,78.0,100.0,6.25,8.0,185.68625,241.07,119558.0,119558.0,10.5,14.0,0.0,0.0,0.0028972510606008195,0.003863001414134426
prefill,512,1,1,0,1,0,0.067212421,7617.639602656182,67.212421,67.212421,67.212421,0.058465003967285156,0.0,2.9053539037704468e-05,0.056183517910540104,0.0,,,,,,,,,,,,,,,,,,,,,,
prefill,512,1,1,1,1,0,0.069137834,7405.496677839228,69.137834,69.137834,69.137834,0.06077742576599121,0.0,2.5248154997825623e-05,0.0581190874800086,0.0,,,,,,,,,,,,,,,,,,,,,,
prefill,512,1,1,2,1,0,0.068161059,7511.620381367608,68.161059,68.161059,68.161059,0.05987858772277832,0.0,2.739112824201584e-05,0.05807498376816511,0.0,,,,,,,,,,,,,,,,,,,,,,
prefill,512,1,8,0,8,0,0.436687817,9379.698357831678,355.64169125,429.030714,436.600517,0.34074652194976807,0.0,2.588971983641386e-05,0.3104606019333005,0.0,0.0,0.0,0.0,0.0,119.4225,119.43,19176.0,19176.0,41.0,82.0,3.0,6.0,163.1725,195.34,119558.0,119558.0,4.5,6.0,0.0,0.0,0.0012416790259718036,0.0016555720346290714
prefill,512,1,8,1,8,0,0.436876851,9375.63981846225,355.8431265,429.371524,436.868378,0.34025415778160095,0.0,2.4090870283544064e-05,0.3100886815227568,0.0,0.0,0.0,0.0,0.0,119.2025,119.21,19176.0,19176.0,69.0,100.0,4.75,7.0,158.41000000000003,189.8,119558.0,119558.0,4.5,6.0,0.0,0.0,0.0012416790259718036,0.0016555720346290714
prefill,512,1,8,2,8,0,0.437326528,9365.999402624851,356.242747875,429.583205,437.286618,0.3411794900894165,0.0,1.6973819583654404e-05,0.3225933585781604,0.0,0.0,0.0,0.0,0.0,119.285,119.29,19176.0,19176.0,65.5,100.0,4.75,7.0,158.135,188.62,119558.0,119558.0,4.5,6.0,0.0,0.0,0.0012416790259718036,0.0016555720346290714
